timestamp,loop_idx,est_x,est_y,meas_x,meas_y,goal_x,goal_y,goal_label,calibration_offset_deg,px_per_speed_per_sec,last_command_heading_deg,last_command_speed,dist_to_goal,dist_to_center,prediction_error_px,ball_found,target_found,safety_active,stuck_frames,meas_vx,meas_vy,est_vx,est_vy
2025-11-28T18:05:03.690865,1,340.0,221.0,340,221,320,240,CENTER,187.46763747008305,2.1489298476202423,nan,0.0,27.586228448267445,27.586228448267445,0.0,1,0,0,0,0.0,0.0,0.0,0.0
2025-11-28T18:05:04.350749,2,342.4,221.6,344,222,608,73,PERSON,187.46763747008305,2.1489298476202423,233.3058752650265,30.0,304.34408159187194,28.98827349118949,1.6492422502470878,1,1,0,0,8.482981165465807,2.1207452913664517,8.482981165465807,2.1207452913664517
2025-11-28T18:05:04.890189,3,343.96000000000004,221.83999999999997,345,222,608,76,PERSON,187.46763747008305,2.1489298476202423,233.61871171218039,30.0,301.63956504411016,30.064384244484412,1.0522357150372403,1,1,0,1,1.5744874934166493,0.0,1.5744874934166493,0.0
2025-11-28T18:05:05.295455,4,345.184,221.93599999999998,346,222,320,240,CENTER,187.46763747008305,2.1489298476202423,233.61871171218039,0.0,30.992611248489567,30.992611248489567,0.8185059559954102,1,0,0,0,1.8790447044930285,0.0,1.8790447044930285,0.0
2025-11-28T18:05:05.670986,5,347.47360000000003,220.7744,349,220,320,240,CENTER,187.46763747008305,2.1489298476202423,233.61871171218039,0.0,33.53240809008505,33.53240809008505,1.7116051881201813,1,0,0,0,7.428551862080528,-4.952367908053685,7.428551862080528,-4.952367908053685
2025-11-28T18:05:06.165010,6,353.18944,216.10976,357,213,320,240,CENTER,186.74636513735817,2.1489298476202423,47.50674811949182,5.0,40.89355077235529,40.89355077235529,4.918432145633407,1,0,0,0,21.36097054485243,-18.69084922674588,21.36097054485243,-18.69084922674588
2025-11-28T18:05:06.645377,7,363.875776,208.843904,371,204,320,240,CENTER,186.74636513735817,2.1489298476202423,47.875154225934295,5.0,53.81250818874167,53.81250818874167,8.614985407033053,1,0,0,0,28.281309180018994,-18.180841615726496,28.281309180018994,-18.180841615726496
2025-11-28T18:05:07.143964,8,373.5503104,200.5375616,380,195,320,240,CENTER,186.74636513735817,2.1489298476202423,46.86629097895707,5.0,66.52007056828896,66.52007056828896,8.500769636341333,1,0,0,0,18.737704551851074,-18.737704551851074,18.737704551851074,-18.737704551851074
2025-11-28T18:05:07.650870,9,381.02012416,194.21502464000002,386,190,320,240,CENTER,186.74636513735817,2.1489298476202423,46.371791095856736,7.0,76.287086202172,76.287086202172,6.524231456472311,1,0,0,0,12.068839769996979,-10.057366474997481,12.068839769996979,-10.057366474997481
2025-11-28T18:05:08.145103,10,385.808049664,189.88600985600002,389,187,320,240,CENTER,186.74636513735817,2.1489298476202423,45.963723324729585,9.0,82.71705633502934,82.71705633502934,4.3032080865814155,1,0,0,0,5.906619092928859,-5.906619092928859,5.906619092928859,-5.906619092928859
2025-11-28T18:05:08.640557,11,387.72321986559996,187.5544039424,389,186,320,240,CENTER,186.74636513735817,2.1489298476202423,45.49904582316026,10.0,85.65614429100425,85.65614429100425,2.011551423092945,1,0,0,0,0.0,-2.021340609760623,0.0,-2.021340609760623
2025-11-28T18:05:09.135004,12,388.48928794624,187.22176157696,389,187,320,240,CENTER,186.74636513735817,2.1489298476202423,45.635581941936124,10.0,86.46574474566346,86.46574474566346,0.5567809253840893,1,0,0,1,0.0,2.0183291813174202,0.0,2.0183291813174202
2025-11-28T18:05:09.614229,13,386.395715178496,188.888704630784,385,190,609,81,PERSON,186.74636513735817,2.1489298476202423,237.39574915710676,30.0,247.37146199147918,83.7899487312363,1.7840959215034038,1,1,0,0,-8.097940522872031,6.073455392154023,-8.097940522872031,6.073455392154023
2025-11-28T18:05:10.110718,14,380.7582860713984,193.7554818523136,377,197,608,72,PERSON,186.74636513735817,2.1489298476202423,235.07135207169551,30.0,257.80456534029315,76.35525381429612,4.965038993314511,1,1,0,0,-16.623984423575692,14.54598637062873,-16.623984423575692,14.54598637062873
2025-11-28T18:05:10.770802,15,371.9033144285594,201.10219274092543,366,206,608,76,PERSON,186.74636513735817,2.1489298476202423,235.33554935644906,30.0,267.19319520977206,64.8613402438927,7.6705695479202145,1,1,0,0,-22.222730432009897,18.18223398982628,-22.222730432009897,18.18223398982628
2025-11-28T18:05:11.536252,16,366.56132577142375,205.24087709637018,363,208,320,240,CENTER,186.74636513735817,2.1489298476202423,46.51143167946577,5.0,58.10467866379,58.10467866379,4.505086064387851,1,0,0,0,-4.531179036659486,3.0207860244396576,-4.531179036659486,3.0207860244396576
2025-11-28T18:05:12.240824,17,363.2245303085695,211.69635083854808,361,216,608,73,PERSON,184.93171125360615,2.1489298476202423,235.53123378550103,30.0,281.339133962181,51.666784071112865,4.84457750465509,1,1,0,0,-2.6193846016453963,10.477538406581585,-2.6193846016453963,10.477538406581585
2025-11-28T18:05:12.795362,18,360.6898121234278,216.67854033541926,359,220,608,72,PERSON,184.93171125360615,2.1489298476202423,234.74029553477123,30.0,286.52087020168875,46.89937410591447,3.7266015772980734,1,1,0,0,-2.829042188389492,5.658084376778984,-2.829042188389492,5.658084376778984
2025-11-28T18:05:13.309665,19,357.87592484937113,220.4714161341677,356,223,320,240,CENTER,184.93171125360615,2.1489298476202423,57.792947302337865,5.0,42.613979760168554,42.613979760168554,3.1484647698577692,1,0,0,0,-5.423061208657651,5.423061208657651,-5.423061208657651,5.423061208657651
2025-11-28T18:05:13.846366,20,355.55036993974846,224.38856645366707,354,227,320,240,CENTER,184.93171125360615,2.1489298476202423,61.36030013731414,5.0,38.82712531497201,38.82712531497201,3.036977464023836,1,0,0,0,-3.9088322115126988,7.8176644230253975,-3.9088322115126988,7.8176644230253975
2025-11-28T18:05:14.446263,21,420.6201479758994,210.95542658146684,464,202,320,240,CENTER,184.93171125360615,2.1489298476202423,68.96720592877338,17.0,104.72822649007503,104.72822649007503,44.294595910662835,1,0,0,0,204.76018955831563,-46.53640671779901,204.76018955831563,-46.53640671779901
2025-11-28T18:05:14.925924,22,446.64805919035973,205.58217063258672,464,202,320,240,CENTER,184.93171125360615,2.1489298476202423,69.86478641336467,26.0,131.24144876924072,131.24144876924072,17.717838364265155,1,0,0,0,0.0,0.0,0.0,0.0
2025-11-28T18:05:15.406838,23,454.65922367614394,189.03286825303468,460,178,320,240,CENTER,184.93171125360615,2.1489298476202423,64.33714967951423,30.0,143.9817871800954,143.9817871800954,12.257572093619599,1,0,0,0,-8.382388267905215,-50.29432960743129,-8.382388267905215,-50.29432960743129
2025-11-28T18:05:15.900099,24,459.0636894704576,185.41314730121388,462,183,320,240,CENTER,184.93171125360615,2.1489298476202423,63.63672682654524,30.0,149.39355480305977,149.39355480305977,3.800684073066,1,0,0,0,4.159216846681396,10.39804211670349,4.159216846681396,10.39804211670349
2025-11-28T18:05:16.395241,25,454.82547578818304,183.96525892048555,452,183,607,72,PERSON,184.93171125360615,2.1489298476202423,228.72381573865016,30.0,188.92671866156,146.006168120933,2.985806124514034,1,1,0,0,-20.212412528859875,0.0,-20.212412528859875,0.0
2025-11-28T18:05:16.905473,26,442.33019031527317,190.58610356819423,434,195,609,81,PERSON,184.93171125360615,2.1489298476202423,231.74320009013786,30.0,199.46914436975473,131.93334916973865,9.427330077990195,1,1,0,0,-36.2067103112011,24.137806874134068,-36.2067103112011,24.137806874134068
2025-11-28T18:05:17.417688,27,431.9320761261093,196.23444142727772,425,200,320,240,CENTER,184.93171125360615,2.1489298476202423,63.7127385048187,22.0,120.18408290236901,120.18408290236901,7.888796535769986,1,0,0,0,-17.6735310931129,9.818628385062722,-17.6735310931129,9.818628385062722
2025-11-28T18:05:18.045773,28,411.5728304504437,206.2937765709111,398,213,607,73,PERSON,184.58604797799532,2.1489298476202423,231.11747353023094,30.0,236.55656716880003,97.5791615794959,15.1391928159117,1,1,0,0,-52.91955537673677,25.479785922132518,-52.91955537673677,25.479785922132518
2025-11-28T18:05:18.540807,29,401.0291321801775,206.71751062836444,394,207,608,73,PERSON,184.58604797799532,2.1489298476202423,232.54869311740705,30.0,246.40883258263528,87.59819838698574,7.034806283864107,1,1,0,0,-6.352816264090787,-9.52922439613618,-6.352816264090787,-9.52922439613618
2025-11-28T18:05:19.021540,30,390.211652872071,209.28700425134576,383,211,320,240,CENTER,184.58604797799532,2.1489298476202423,61.787726730844696,7.0,76.63526803557909,76.63526803557909,7.412306765249086,1,0,0,0,-22.20017880497074,8.072792292716633,-22.20017880497074,8.072792292716633
2025-11-28T18:05:19.474204,31,378.6846611488284,212.71480170053832,371,215,320,240,CENTER,185.08061575840014,2.1489298476202423,59.98350068378909,5.0,64.717628976916,64.717628976916,8.01724068742952,1,0,0,0,-25.066885004885716,8.355628334961905,-25.066885004885716,8.355628334961905
2025-11-28T18:05:19.950534,32,419.07386445953136,182.88592068021535,446,163,320,240,CENTER,185.08061575840014,2.1489298476202423,54.95680497500331,20.0,114.3575475230745,114.3575475230745,33.473371751938956,1,0,0,0,165.5033082478913,-114.74896038520464,165.5033082478913,-114.74896038520464
2025-11-28T18:05:20.446300,33,443.0295457838125,158.35436827208616,459,142,608,75,PERSON,185.08061575840014,2.1489298476202423,238.11335365018837,30.0,184.83290149303443,147.65594575235144,22.858713206354352,1,1,0,0,27.20611521919189,-43.948339969463824,27.20611521919189,-43.948339969463824
2025-11-28T18:05:20.940683,34,448.41181831352503,140.14174730883445,452,128,608,81,PERSON,181.80949633056596,2.1489298476202423,247.85631339763165,30.0,170.19440063861492,162.66919103849514,12.66084813615356,1,1,0,0,-14.157087047382637,-28.314174094765274,-14.157087047382637,-28.314174094765274
2025-11-28T18:05:21.450966,35,448.16472732541,125.05669892353379,448,115,320,240,CENTER,181.80949633056596,2.1489298476202423,46.30346704368702,30.0,172.15736926647043,172.15736926647043,10.058047938359728,1,0,0,0,-8.02898187292961,-26.094191087021233,-8.02898187292961,-26.094191087021233
2025-11-28T18:05:21.975645,36,446.265890930164,129.8226795694135,445,133,320,240,CENTER,179.9622031258033,2.1489298476202423,48.9304375862927,30.0,167.5771975826431,167.5771975826431,3.4202112457703273,1,0,0,0,-5.919623715731876,35.517742294391255,-5.919623715731876,35.517742294391255
2025-11-28T18:05:22.591897,37,443.1063563720656,130.5290718277654,441,131,608,77,PERSON,179.9622031258033,2.1489298476202423,252.0529220761236,30.0,173.36457319659718,164.73936716552168,2.1583582903553213,1,1,0,0,-7.609435996427779,-3.8047179982138895,-7.609435996427779,-3.8047179982138895
2025-11-28T18:05:23.265404,38,456.24254254882624,133.21162873110615,465,135,608,72,PERSON,182.02906683752042,2.1489298476202423,246.00416493162015,30.0,163.6373715993984,173.10628711410757,8.938195164826281,1,1,0,0,38.88050372280414,6.4800839538006905,38.88050372280414,6.4800839538006905
2025-11-28T18:05:24.034399,39,459.0970170195305,138.48465149244248,461,142,320,240,CENTER,182.02906683752042,2.1489298476202423,51.84833482530968,30.0,172.20146958241216,172.20146958241216,3.9973765588875314,1,0,0,0,-5.937652093528938,10.390891163675642,-5.937652093528938,10.390891163675642
2025-11-28T18:05:24.751670,40,462.0388068078122,143.59386059697698,464,147,320,240,CENTER,182.02906683752042,2.1489298476202423,53.80497942594212,30.0,171.6658566925354,171.6658566925354,3.9304025709728267,1,0,0,0,3.9122247696581107,6.520374616096851,3.9122247696581107,6.520374616096851
2025-11-28T18:05:25.250308,41,478.2155227231249,142.0375442387908,489,141,320,240,CENTER,182.02906683752042,2.1489298476202423,56.20634467517036,30.0,186.08813602516017,186.08813602516017,10.834271926755568,1,0,0,0,34.85148725461977,-8.364356941108746,34.85148725461977,-8.364356941108746
2025-11-28T18:05:25.756186,42,488.8862090892499,141.41501769551633,496,141,608,77,PERSON,182.02906683752042,2.1489298476202423,239.56705078630267,28.0,135.4156183379287,195.55446902720786,7.125886668300456,1,1,0,0,14.054296450539718,0.0,14.054296450539718,0.0
2025-11-28T18:05:26.251218,43,496.75448363569996,141.16600707820652,502,141,608,72,PERSON,183.89045248767496,2.1489298476202423,234.2385962800447,26.0,130.99428020452748,202.51001368373872,5.248142555052619,1,1,0,0,11.824861515271262,0.0,11.824861515271262,0.0
2025-11-28T18:05:26.745744,44,489.70179345428,154.26640283128262,485,163,320,240,CENTER,183.89045248767496,2.1489298476202423,59.30657445461594,30.0,190.1287679050359,190.1287679050359,9.918799382593562,1,0,0,0,-34.40996908548833,44.53054822827901,-34.40996908548833,44.53054822827901
2025-11-28T18:05:27.241108,45,483.28071738171195,167.90656113251305,479,177,320,240,CENTER,181.23126353922467,2.1489298476202423,64.94580912983926,30.0,178.48825338499609,178.48825338499609,10.050630414994535,1,0,0,0,-12.108943724726746,28.254202024362407,-12.108943724726746,28.254202024362407
2025-11-28T18:05:27.735812,46,485.5122869526848,179.36262445300522,487,187,607,72,PERSON,181.23126353922467,2.1489298476202423,227.30066304812442,30.0,162.12957025448452,176.2702710202011,7.7809250964770005,1,1,0,0,16.195083715834336,20.24385464479292,16.195083715834336,20.24385464479292
2025-11-28T18:05:28.246341,47,488.8049147810739,182.7450497812021,491,185,320,240,CENTER,181.23126353922467,2.1489298476202423,70.03291945899517,30.0,178.2504658585852,178.2504658585852,3.1469349544603857,1,0,0,0,8.07059818443944,-4.03529909221972,8.07059818443944,-4.03529909221972
2025-11-28T18:05:28.740864,48,490.72196591242954,181.09801991248085,492,180,320,240,CENTER,181.23126353922467,2.1489298476202423,69.73343181235154,30.0,180.5974332686798,180.5974332686798,1.6849388289182832,1,0,0,0,1.9608567677848132,-9.804283838924066,1.9608567677848132,-9.804283838924066
2025-11-28T18:05:29.281892,49,492.6887863649718,179.23920796499235,494,178,320,240,CENTER,181.23126353922467,2.1489298476202423,69.38424358592255,30.0,183.06635623436745,183.06635623436745,1.8041390127105854,1,0,0,0,4.028036714516543,-4.028036714516543,4.028036714516543,-4.028036714516543
2025-11-28T18:05:29.886507,50,494.07551454598877,174.29568318599695,495,171,608,77,PERSON,181.23126353922467,2.1489298476202423,228.2701961535084,30.0,149.8173499718611,186.06273676490312,3.422893661383795,1,1,0,0,1.8559745970273813,-12.99182217919167,1.8559745970273813,-12.99182217919167
2025-11-28T18:05:30.421550,51,491.63020581839555,171.11827327439877,490,169,320,240,CENTER,181.23126353922467,2.1489298476202423,66.90126884790345,30.0,184.93679954504788,184.93679954504788,2.672948311390031,1,0,0,0,-8.215465423114772,-3.2861861692459087,-8.215465423114772,-3.2861861692459087
2025-11-28T18:05:30.916777,52,490.65208232735824,169.8473093097595,490,169,320,240,CENTER,181.23126353922467,2.1489298476202423,66.42185635249982,30.0,184.50889738368718,184.50889738368718,1.0691793245560262,1,0,0,1,0.0,0.0,0.0,0.0
2025-11-28T18:05:31.440680,53,479.4608329309433,169.3389237239038,472,169,320,240,CENTER,182.97761450212633,2.1489298476202423,63.12305774926077,30.0,174.41543779014086,174.41543779014086,7.46852711811859,1,0,0,0,-36.200529840065016,0.0,-36.200529840065016,0.0
2025-11-28T18:05:31.996819,54,473.1843331723773,169.13556948956153,469,169,320,240,CENTER,184.78046604833824,2.1489298476202423,60.39385445292808,30.0,168.78153761900222,168.78153761900222,4.1865287750064635,1,0,0,0,-5.7371341029709475,0.0,-5.7371341029709475,0.0
2025-11-28T18:05:32.614524,55,468.27373326895093,168.4542277958246,465,168,607,72,PERSON,184.78046604833824,2.1489298476202423,230.4092420856716,30.0,168.96270340173595,164.63261371248336,3.305094916448823,1,1,0,0,-7.199174746699759,-1.7997936866749398,-7.199174746699759,-1.7997936866749398
2025-11-28T18:05:33.151045,56,446.5094933075804,170.58169111832984,432,172,607,72,PERSON,184.78046604833824,2.1489298476202423,233.65910479639675,30.0,188.34954887692027,144.30368500122128,14.578648638558528,1,1,0,0,-53.20715620170832,6.449352266873737,-53.20715620170832,6.449352266873737
2025-11-28T18:05:33.676230,57,417.4037973230321,177.43267644733194,398,182,608,73,PERSON,184.78046604833824,2.1489298476202423,236.50003923918322,30.0,217.33176570587406,115.76774036617701,19.934086259170858,1,1,0,0,-63.521441988480234,18.682777055435363,-63.521441988480234,18.682777055435363
2025-11-28T18:05:34.290886,58,397.96151892921284,181.37307057893275,385,184,320,240,CENTER,184.78046604833824,2.1489298476202423,48.27643043478113,14.0,97.54545241625983,97.54545241625983,13.22504181980577,1,0,0,0,-24.701134850665504,3.8001745924100776,-24.701134850665504,3.8001745924100776
2025-11-28T18:05:34.801566,59,383.5846075716852,180.54922823157312,374,180,320,240,CENTER,187.59605824911782,2.1489298476202423,39.328284822052524,11.0,87.04824285364288,87.04824285364288,9.600330929377481,1,0,0,0,-17.943553502597375,-6.524928546399046,-17.943553502597375,-6.524928546399046
2025-11-28T18:05:35.356336,60,383.2338430286741,173.61969129262923,383,169,320,240,CENTER,187.59605824911782,2.1489298476202423,36.013323514794706,12.0,91.678046926518,91.678046926518,4.625605928011352,1,0,0,0,17.66270634475014,-21.58775219913906,17.66270634475014,-21.58775219913906
2025-11-28T18:05:35.971362,61,378.29353721146964,169.6478765170517,375,167,320,240,CENTER,187.59605824911782,2.1489298476202423,32.0489751629741,12.0,91.36497008802115,91.36497008802115,4.225948108163318,1,0,0,0,-14.422956766933453,-3.605739191733363,-14.422956766933453,-3.605739191733363
2025-11-28T18:05:36.511781,62,383.5174148845879,171.0591506068207,387,172,320,240,CENTER,187.59605824911782,2.1489298476202423,35.05930559481672,13.0,93.74061397640776,93.74061397640776,3.6074363011335207,1,0,0,0,19.510924092857017,8.129551705357091,19.510924092857017,8.129551705357091
2025-11-28T18:05:37.082349,63,383.20696595383515,171.6236602427283,383,172,320,240,CENTER,187.59605824911782,2.1489298476202423,35.15418015649897,13.0,93.11522100973144,93.11522100973144,0.429495656497492,1,0,0,1,-7.388171943098993,0.0,-7.388171943098993,0.0
2025-11-28T18:05:37.651668,64,380.6827863815341,171.84946409709133,379,172,608,73,PERSON,187.59605824911782,2.1489298476202423,238.90200716822164,30.0,247.87967274374358,91.25182796459772,1.689506159781924,1,1,0,0,-7.0228762738924155,0.0,-7.0228762738924155,0.0
2025-11-28T18:05:38.176362,65,373.0731145526136,194.13978563883654,368,209,320,240,CENTER,187.59605824911782,2.1489298476202423,41.57380889967109,5.0,70.14210397162827,70.14210397162827,15.70230754136693,1,0,0,0,-19.287582538172924,64.8764139920362,-19.287582538172924,64.8764139920362
2025-11-28T18:05:38.761406,66,364.02924582104544,217.4559142555346,358,233,320,240,CENTER,185.63818825064124,2.1489298476202423,57.24821894418744,5.0,49.46524324840478,49.46524324840478,16.67244453587675,1,0,0,0,-19.052971507560446,45.72713161814507,-19.052971507560446,45.72713161814507
2025-11-28T18:05:39.382442,67,356.21169832841815,232.78236570221384,351,243,320,240,CENTER,183.12787001250797,2.1489298476202423,75.5997889261289,5.0,36.923994105255474,36.923994105255474,11.47004141708881,1,0,0,0,-11.967971955283351,17.097102793261932,-11.967971955283351,17.097102793261932
2025-11-28T18:05:39.946712,68,350.68467933136725,249.11294628088552,347,260,320,240,CENTER,178.92580661875527,2.1489298476202423,75.5997889261289,0.0,32.00930076691994,32.00930076691994,11.493685242683886,1,0,0,0,-6.4512667806912845,27.41788381793796,-6.4512667806912845,27.41788381793796
2025-11-28T18:05:40.638127,69,346.0738717325469,263.44517851235423,343,273,320,240,CENTER,174.95735634041432,2.1489298476202423,137.00397891989604,5.0,35.06455735641709,35.06455735641709,10.037096247866113,1,0,0,0,-7.071331991327541,22.981828971814508,-7.071331991327541,22.981828971814508
2025-11-28T18:05:41.447170,70,340.02954869301874,275.77807140494167,336,284,320,240,CENTER,174.95735634041432,2.1489298476202423,155.80134135651065,5.0,41.00308786302702,41.00308786302702,9.156275033639329,1,0,0,0,-10.134449314512427,15.925563208519527,-10.134449314512427,15.925563208519527
2025-11-28T18:05:42.151836,71,335.2118194772075,283.11122856197665,332,288,320,240,CENTER,174.95735634041432,2.1489298476202423,165.60722776234041,5.0,45.7162715007484,45.7162715007484,5.849433350966766,1,0,0,0,-4.942250617221034,4.942250617221034,-4.942250617221034,4.942250617221034
2025-11-28T18:05:43.007253,72,331.48472779088297,286.64449142479066,329,289,608,76,PERSON,174.95735634041432,2.1489298476202423,237.7431283602849,30.0,347.6086844894569,48.03756397558112,3.423783410595786,1,1,0,0,-4.257299257107419,1.4190997523691395,-4.257299257107419,1.4190997523691395
2025-11-28T18:05:43.711640,73,329.3938911163532,288.05779656991626,328,289,608,72,PERSON,174.95735634041432,2.1489298476202423,237.249225098994,30.0,352.5653632533034,48.967305433945974,1.6824624060911129,1,1,0,0,-1.1682943331247047,0.0,-1.1682943331247047,0.0
2025-11-28T18:05:44.386934,74,328.5575564465413,288.0231186279665,328,288,320,240,CENTER,174.95735634041432,2.1489298476202423,174.93878580337247,5.0,48.779623769474505,48.779623769474505,0.558035538329605,1,0,0,1,0.0,-1.417580304294646,0.0,-1.417580304294646
2025-11-28T18:05:45.170084,75,325.82302257861653,290.4092474511866,324,292,320,240,CENTER,174.95735634041432,2.1489298476202423,178.45332861841814,5.0,50.74445605724868,50.74445605724868,2.4194844479148743,1,0,0,0,-5.941895758029088,5.941895758029088,-5.941895758029088,5.941895758029088
2025-11-28T18:05:45.826147,76,345.12920903144663,276.3636989804746,358,267,608,72,PERSON,179.19605567703738,2.1489298476202423,232.94137017377648,30.0,332.9648242764015,44.20176184371739,15.916536016141714,1,1,0,0,43.419600125077,-31.926176562556613,43.419600125077,-31.926176562556613
2025-11-28T18:05:46.456867,77,369.65168361257867,251.54547959218985,386,235,320,240,CENTER,178.6723962614614,2.1489298476202423,104.41793834031924,5.0,50.976345343475586,50.976345343475586,23.259844015788236,1,0,0,0,42.46769807565466,-48.53451208646247,42.46769807565466,-48.53451208646247
2025-11-28T18:05:47.086975,78,392.06067344503145,226.01819183687593,407,209,600,76,PERSON,178.6723962614614,2.1489298476202423,235.51897325309497,30.0,256.4063599252943,73.40457490416973,22.645139242510716,1,1,0,0,33.46547121594482,-41.43344055307453,33.46547121594482,-41.43344055307453
2025-11-28T18:05:47.810924,79,413.0242693780126,202.00727673475038,427,186,320,240,CENTER,177.7576634851491,2.1489298476202423,70.02638130523559,15.0,100.48363903851657,100.48363903851657,21.249798937430842,1,0,0,0,31.66240090647247,-36.41176104244334,31.66240090647247,-36.41176104244334
2025-11-28T18:05:48.528701,80,432.809707751205,175.00291069390016,446,157,320,240,CENTER,177.7576634851491,2.1489298476202423,62.29326380173714,26.0,130.194668789384,130.194668789384,22.317898715182988,1,0,0,0,26.2884573515654,-40.124487536599815,26.2884573515654,-40.124487536599815
2025-11-28T18:05:49.201215,81,455.723883100482,149.20116427756005,471,132,320,240,CENTER,177.7576634851491,2.1489298476202423,58.45994283623608,30.0,163.29544088070537,163.29544088070537,23.00521245351469,1,0,0,0,34.786797434755016,-34.786797434755016,34.786797434755016,-34.786797434755016
2025-11-28T18:05:49.831583,82,478.0895532401928,121.48046571102402,493,103,320,240,CENTER,177.7576634851491,2.1489298476202423,55.3834885227304,30.0,197.5833668398216,197.5833668398216,23.745505584707598,1,0,0,0,32.7331512828317,-43.148244872823604,32.7331512828317,-43.148244872823604
2025-11-28T18:05:50.581300,83,490.6358212960771,98.3921862844096,499,83,320,240,CENTER,177.7576634851491,2.1489298476202423,52.55362357460291,30.0,221.7416433931527,221.7416433931527,17.51795889951579,1,0,1,0,9.517860958683663,-31.726203195612207,9.517860958683663,-31.726203195612207
2025-11-28T18:05:51.226804,84,490.8543285184308,85.55687451376383,491,77,320,240,CENTER,177.7576634851491,2.1489298476202423,50.130450562645365,30.0,230.31257148371466,230.31257148371466,8.558114373204155,1,0,1,0,-10.660549706706808,-7.995412280030106,-10.660549706706808,-7.995412280030106
2025-11-28T18:05:51.856125,85,496.9417314073723,69.62274980550553,501,59,320,240,CENTER,177.7576634851491,2.1489298476202423,48.325122977351725,30.0,245.63546913521273,245.63546913521273,11.371559145529535,1,0,1,0,15.515932087019056,-27.9286777566343,15.515932087019056,-27.9286777566343
2025-11-28T18:05:52.516275,86,409.9766925629489,131.6490999222022,352,173,320,240,CENTER,178.34702766638512,2.1489298476202423,41.35987163890877,15.0,140.83935086557435,140.83935086557435,71.21231507107964,1,0,0,0,-236.6154373883798,181.03462994815635,-236.6154373883798,181.03462994815635
2025-11-28T18:05:53.191204,87,345.79067702517955,179.85963996888086,303,212,320,240,CENTER,179.28381290508412,2.1489298476202423,23.927844983234678,5.0,65.43716013160838,65.43716013160838,53.51677104612338,1,0,0,0,-74.18402119534223,59.04442503302748,-74.18402119534223,59.04442503302748
2025-11-28T18:05:53.702123,88,305.7162708100718,210.54385598755232,279,231,320,240,CENTER,181.33815495928846,2.1489298476202423,23.927844983234678,0.0,32.736666593489076,32.736666593489076,33.64837223187913,1,0,0,0,-35.58324637533617,28.17007004714113,-35.58324637533617,28.17007004714113
2025-11-28T18:05:54.331272,89,255.4865083240287,249.21754239502093,222,275,320,240,CENTER,183.23795793342828,2.1489298476202423,258.63078274958485,5.0,65.16865577890667,65.16865577890667,42.26205579343942,1,0,0,0,-111.50823478380515,86.07653211381451,-111.50823478380515,86.07653211381451
2025-11-28T18:05:55.024765,90,211.9946033296115,283.2870169580084,183,306,320,240,CENTER,183.23795793342828,2.1489298476202423,244.92183579416152,21.0,116.35691447890355,116.35691447890355,36.831598131323545,1,0,0,0,-61.979151573937955,49.26547945620709,-61.979151573937955,49.26547945620709
2025-11-28T18:05:55.670679,91,199.9978413318446,301.11480678320333,192,313,320,240,CENTER,183.23795793342828,2.1489298476202423,239.77316713753487,28.0,134.66825050161387,134.66825050161387,14.325616348693385,1,0,0,0,12.989920860343524,10.103271780267185,12.989920860343524,10.103271780267185
2025-11-28T18:05:56.191657,92,194.59913653273784,314.8459227132813,191,324,320,240,CENTER,183.23795793342828,2.1489298476202423,235.93103651109942,30.0,146.03865483199098,146.03865483199098,9.836204285826275,1,0,0,0,-1.5481912501421102,17.030103751563214,-1.5481912501421102,17.030103751563214
2025-11-28T18:05:56.716567,93,181.03965461309514,332.9383690853125,172,345,320,240,CENTER,183.23795793342828,2.1489298476202423,232.98695489568235,30.0,167.1751118985289,167.1751118985289,15.073098415594497,1,0,0,0,-36.47005554363152,40.30900875875063,-36.47005554363152,40.30900875875063
2025-11-28T18:05:57.410565,94,164.21586184523807,352.17534763412505,153,365,320,240,CENTER,183.23795793342828,2.1489298476202423,231.00554661402873,30.0,191.96876391084763,191.96876391084763,17.03723173631823,1,0,0,0,-36.19674895123063,38.101841001295405,-36.19674895123063,38.101841001295405
2025-11-28T18:05:58.055351,95,218.08634473809525,314.27013905365004,254,289,320,240,CENTER,183.28170084005862,2.1489298476202423,230.63539790672633,25.0,126.10490348868628,126.10490348868628,43.91321625731538,1,0,0,0,145.5295403272987,-109.50737687994753,145.5295403272987,-109.50737687994753
2025-11-28T18:05:58.607013,96,271.4345378952381,275.10805562146004,307,249,320,240,CENTER,183.2677767725659,2.1489298476202423,230.8689925107126,5.0,59.92645224747243,59.92645224747243,44.11952700402062,1,0,0,0,82.26429377372797,-62.08625945187017,82.26429377372797,-62.08625945187017
2025-11-28T18:05:59.101407,97,317.97381515809525,239.643222248584,349,216,320,240,CENTER,183.1665810642702,2.1489298476202423,230.8689925107126,0.0,2.0573564050669564,2.0573564050669564,39.00802615026782,1,0,0,0,76.11209894529726,-59.802363457019275,76.11209894529726,-59.802363457019275
2025-11-28T18:05:59.612267,98,364.1895260632381,206.2572888994336,395,184,320,240,CENTER,183.17500354427244,2.1489298476202423,49.45997973360434,5.0,55.59932343212356,55.59932343212356,38.00884388350606,1,0,0,0,92.76885964849015,-64.53485888590619,92.76885964849015,-64.53485888590619
2025-11-28T18:06:00.122253,99,402.4758104252952,179.70291555977343,428,162,320,240,CENTER,183.17500354427244,2.1489298476202423,50.65490265244199,16.0,102.16651945378705,102.16651945378705,31.062476925736895,1,0,0,0,64.86444415909902,-43.24296277273268,64.86444415909902,-43.24296277273268
2025-11-28T18:06:00.620803,100,431.59032417011804,158.28116622390937,451,144,320,240,CENTER,183.17500354427244,2.1489298476202423,50.60926424713432,29.0,138.31257441793338,138.31257441793338,24.097452656578326,1,0,0,0,45.11284501960117,-35.30570479794874,45.11284501960117,-35.30570479794874
2025-11-28T18:06:01.116045,101,449.8361296680472,146.71246648956372,462,139,320,240,CENTER,183.17500354427244,2.1489298476202423,51.127671092828336,30.0,159.87490258210866,159.87490258210866,14.402842802905441,1,0,0,0,22.05819702345408,-10.026453192479128,22.05819702345408,-10.026453192479128
2025-11-28T18:06:01.622016,102,459.5344518672189,140.2849865958255,466,136,320,240,CENTER,183.17500354427244,2.1489298476202423,51.274392613717225,30.0,171.5020325129703,171.5020325129703,7.756572876194337,1,0,0,0,8.061516018314883,-6.046137013736162,8.061516018314883,-6.046137013736162
2025-11-28T18:06:02.116527,103,461.01378074688756,140.1139946383302,462,140,320,240,CENTER,183.17500354427244,2.1489298476202423,51.513446438054075,30.0,172.80654046546618,172.80654046546618,0.9927855724060914,1,0,0,1,-7.892230131965119,7.892230131965119,-7.892230131965119,7.892230131965119
2025-11-28T18:06:02.611783,104,452.605512298755,146.64559785533208,447,151,320,240,CENTER,182.9979898582673,2.1489298476202423,51.85642954516942,30.0,162.1704852672139,162.1704852672139,7.098069185981645,1,0,0,0,-30.380841224165962,22.279283564388372,-30.380841224165962,22.279283564388372
2025-11-28T18:06:03.137203,105,403.042204919502,183.45823914213284,370,208,320,240,CENTER,182.8959885370479,2.1489298476202423,52.85385303732687,7.0,100.46381696312758,100.46381696312758,41.159267874284446,1,0,0,0,-155.78910484364238,115.32440228685215,-155.78910484364238,115.32440228685215
2025-11-28T18:06:03.755715,106,358.61688196780085,213.18329565685312,329,233,320,240,CENTER,182.9284414434859,2.1489298476202423,52.2943025555324,5.0,47.01488280047942,47.01488280047942,35.63511566584769,1,0,0,0,-77.86100549027137,47.47622285992156,-77.86100549027137,47.47622285992156
2025-11-28T18:06:04.145780,107,318.04675278712034,242.47331826274126,291,262,320,240,CENTER,182.85490412905912,2.1489298476202423,52.2943025555324,0.0,3.151583396236184,3.151583396236184,33.358928879623754,1,0,0,0,-61.45216030104641,46.897701282377525,-61.45216030104641,46.897701282377525
2025-11-28T18:06:04.625996,108,282.61870111484814,267.3893273050965,259,284,320,240,CENTER,182.83619012155668,2.1489298476202423,230.93352703973252,5.0,46.34152302813063,46.34152302813063,28.874859129175693,1,0,0,0,-81.83463903923459,56.26131433947378,-81.83463903923459,56.26131433947378
2025-11-28T18:06:05.120774,109,248.04748044593924,291.7557309220386,225,308,320,240,CENTER,182.83619012155668,2.1489298476202423,231.43619657969876,11.0,88.63306805843943,88.63306805843943,28.196855015819846,1,0,0,0,-70.79753202626839,49.97472848913063,-70.79753202626839,49.97472848913063
2025-11-28T18:06:05.642155,110,214.41899217837567,315.90229236881544,192,332,320,240,CENTER,182.83619012155668,2.1489298476202423,231.45141415344426,26.0,130.03271588131594,130.03271588131594,27.59977176125135,1,0,0,0,-66.97147911363405,48.70653026446112,-66.97147911363405,48.70653026446112
2025-11-28T18:06:06.377470,111,220.7675968713503,307.56091694752615,225,302,320,240,CENTER,181.6452863159728,2.1489298476202423,234.1063001780853,22.0,120.04810423108471,120.04810423108471,6.988349843896441,1,0,0,0,63.16996766471712,-57.427243331561016,63.16996766471712,-57.427243331561016
2025-11-28T18:06:07.194125,112,222.70703874854013,304.82436677901046,224,303,621,94,PERSON,181.6452863159728,2.1489298476202423,240.4615566547933,30.0,450.64863986283996,116.91073020633199,2.236082051744453,1,1,0,0,-1.3608953614157997,1.3608953614157997,-1.3608953614157997,1.3608953614157997
2025-11-28T18:06:07.821824,113,227.68281549941605,301.32974671160423,231,299,320,240,CENTER,181.14211027815574,2.1489298476202423,235.26031996202187,19.0,110.83230750022481,110.83230750022481,4.053570370814487,1,0,0,0,8.54483691539717,-4.882763951655526,8.54483691539717,-4.882763951655526
2025-11-28T18:06:08.341625,114,223.67312619976641,303.5318986846417,221,305,320,240,CENTER,181.14211027815574,2.1489298476202423,235.45124555288677,21.0,115.39137214974829,115.39137214974829,3.0497418172747666,1,0,0,0,-15.975136353941314,9.58508181236479,-15.975136353941314,9.58508181236479
2025-11-28T18:06:08.941515,115,216.06925047990657,308.61275947385667,211,312,320,240,CENTER,181.14211027815574,2.1489298476202423,235.42598841187737,24.0,124.5363860822439,124.5363860822439,6.096777739919731,1,0,0,0,-19.250364188289247,13.475254931802473,-19.250364188289247,13.475254931802473
2025-11-28T18:06:09.347297,116,319.8277001919626,250.04510378954268,389,211,320,240,CENTER,181.42132935264897,2.1489298476202423,235.42598841187737,0.0,10.046581377092132,10.046581377092132,79.43127337937602,1,0,0,0,296.71812049062333,-168.36252904243236,296.71812049062333,-168.36252904243236
2025-11-28T18:06:09.842274,117,361.33108007678504,226.61804151581708,389,211,320,240,CENTER,181.68100309192766,2.1489298476202423,70.37835519935493,5.0,43.44346893591731,43.44346893591731,31.772509351750415,1,0,0,0,0.0,0.0,0.0,0.0
2025-11-28T18:06:10.336605,118,418.13243203071397,192.64721660632682,456,170,320,240,CENTER,181.68100309192766,2.1489298476202423,62.55984780269634,18.0,108.95990230993614,108.95990230993614,44.12311326189917,1,0,0,0,135.9058490344303,-83.16626582703944,135.9058490344303,-83.16626582703944
2025-11-28T18:06:10.850893,119,457.0529728122856,169.45888664253073,483,154,320,240,CENTER,181.68100309192766,2.1489298476202423,61.08413375893417,30.0,154.14138325056132,154.14138325056132,30.203069315991808,1,0,0,0,54.45463860864581,-32.26941547179011,54.45463860864581,-32.26941547179011
2025-11-28T18:06:11.341614,120,488.8211891249142,150.5835546570123,510,138,320,240,CENTER,181.68100309192766,2.1489298476202423,60.41098508719938,30.0,191.0389871081962,191.0389871081962,24.63509443636593,1,0,0,0,52.60365845727929,-31.172538345054395,52.60365845727929,-31.172538345054395
2025-11-28T18:06:11.851633,121,494.3284756499657,143.6334218628049,498,139,320,240,CENTER,181.68100309192766,2.1489298476202423,59.3857340124072,30.0,199.19069959290974,199.19069959290974,5.911741639450537,1,0,0,0,-24.40323510459884,2.0336029253832364,-24.40323510459884,2.0336029253832364
2025-11-28T18:06:12.347250,122,495.3313902599863,142.05336874512196,496,141,320,240,CENTER,181.68100309192766,2.1489298476202423,59.12964827126433,30.0,200.8348550045003,200.8348550045003,1.2476476656656816,1,0,0,1,-3.9214477077695413,3.9214477077695413,-3.9214477077695413,3.9214477077695413
2025-11-28T18:06:12.842017,123,502.33255610399453,137.22134749804877,507,134,320,240,CENTER,181.68100309192766,2.1489298476202423,58.909567737511054,30.0,209.3050702336978,209.3050702336978,5.671164979573753,1,0,0,0,22.23775816612282,-14.151300651169068,22.23775816612282,-14.151300651169068
2025-11-28T18:06:13.446838,124,477.5330224415978,149.0885389992195,461,157,320,240,CENTER,181.9496042165664,2.1489298476202423,58.06138236572133,30.0,181.88333321357783,181.88333321357783,18.328449094815593,1,0,0,0,-92.83143849816851,46.415719249084255,-92.83143849816851,46.415719249084255
2025-11-28T18:06:13.981899,125,466.4132089766391,153.8354155996878,459,157,320,240,CENTER,182.43065304041653,2.1489298476202423,57.092416226085874,30.0,169.88573621029965,169.88573621029965,8.060413249829198,1,0,0,0,-3.3110604216835844,0.0,-3.3110604216835844,0.0
2025-11-28T18:06:14.506197,126,395.96528359065564,194.13416623987513,349,221,320,240,CENTER,182.4800603978349,2.1489298476202423,56.3974682124402,5.0,88.73781052922224,88.73781052922224,54.106477305193074,1,0,0,0,-205.58151638241253,119.61106407704003,-205.58151638241253,119.61106407704003
2025-11-28T18:06:14.926941,127,340.78611343626227,222.25366649595006,304,241,320,240,CENTER,182.76838476832685,2.1489298476202423,56.3974682124402,0.0,27.331206790446124,27.331206790446124,41.287324466361596,1,0,0,0,-85.50234023777467,38.00104010567764,-85.50234023777467,38.00104010567764
2025-11-28T18:06:15.348143,128,304.9144453745049,238.90146659838,281,250,320,240,CENTER,183.1840762192571,2.1489298476202423,56.3974682124402,0.0,15.125499462605232,15.125499462605232,26.3643346443079,1,0,0,0,-54.92686798567684,21.493122255264854,-54.92686798567684,21.493122255264854
2025-11-28T18:06:15.871488,129,260.565778149802,261.760586639352,231,277,621,93,PERSON,183.40457778646785,2.1489298476202423,241.5057397121863,30.0,397.98613529068575,63.292573480838186,33.262215157442604,1,1,0,0,-118.81228057154932,64.15863150863663,-118.81228057154932,64.15863150863663
2025-11-28T18:06:16.367711,130,221.2263112599208,281.1042346557408,195,294,320,240,CENTER,183.40457778646785,2.1489298476202423,244.00100113043356,18.0,106.98504425365375,106.98504425365375,29.22533432001155,1,0,0,0,-68.3348829126298,32.269250264297405,-68.3348829126298,32.269250264297405
2025-11-28T18:06:16.861424,131,212.0905245039683,287.0416938622963,206,291,320,240,CENTER,183.40457778646785,2.1489298476202423,243.041271128397,22.0,117.71735582853817,117.71735582853817,7.26379213725318,1,0,0,0,22.30641711436782,-6.083568303918497,22.30641711436782,-6.083568303918497
2025-11-28T18:06:17.371517,132,195.23620980158734,296.6166775449185,184,303,320,240,CENTER,183.40457778646785,2.1489298476202423,242.18730566443523,28.0,137.00894686442493,137.00894686442493,12.922817659892715,1,0,0,0,-44.47131512159952,24.257080975417917,-44.47131512159952,24.257080975417917
2025-11-28T18:06:17.987726,133,175.29448392063495,307.0466710179674,162,314,320,240,CENTER,183.40457778646785,2.1489298476202423,241.7356315374804,30.0,159.4833611333387,159.4833611333387,15.003069240938517,1,0,0,0,-43.086798655211055,21.543399327605528,-43.086798655211055,21.543399327605528
2025-11-28T18:06:18.545160,134,154.117793568254,318.41866840718694,140,326,176,60,CAT/DOG,183.40457778646785,2.1489298476202423,181.4355304048174,30.0,259.3434771488675,183.48404280868877,16.024627420193564,1,1,0,0,-35.76058714606491,19.505774806944494,-35.76058714606491,19.505774806944494
2025-11-28T18:06:19.041397,135,132.4471174273016,329.56746736287477,118,337,320,240,CENTER,183.40457778646785,2.1489298476202423,241.06821892183572,30.0,207.84228388643163,207.84228388643163,16.24689949990993,1,0,0,0,-39.360490848628274,19.680245424314137,-39.360490848628274,19.680245424314137
2025-11-28T18:06:19.521313,136,110.57884697092064,341.2269869451499,96,349,320,240,CENTER,183.40457778646785,2.1489298476202423,240.79789583910883,30.0,232.60292823183164,232.60292823183164,16.52157713271925,1,0,0,0,-44.423443140207645,24.23096898556781,-44.423443140207645,24.23096898556781
2025-11-28T18:06:20.058827,137,88.63153878836826,352.49079477806,74,360,320,240,CENTER,183.40457778646785,2.1489298476202423,240.666511720312,30.0,257.26551217222635,257.26551217222635,16.44597489906683,1,0,1,0,-45.93758441417496,22.96879220708748,-45.93758441417496,22.96879220708748
2025-11-28T18:06:20.853365,138,67.2526155153473,364.196317911224,53,372,320,240,CENTER,183.40457778646785,2.1489298476202423,240.42660459726616,30.0,281.613149100923,281.613149100923,16.249138536273293,1,0,1,0,-38.95262818534082,22.25864467733761,-38.95262818534082,22.25864467733761
2025-11-28T18:06:21.558598,139,274.1010462061389,248.87852716448964,412,172,320,240,CENTER,183.1966214475538,2.1489298476202423,255.8555022106181,5.0,46.74978292978029,46.74978292978029,157.88106091745965,1,0,0,0,452.0789363308699,-251.8545606300111,452.0789363308699,-251.8545606300111
2025-11-28T18:06:22.371837,140,398.24041848245554,185.35141086579586,481,143,46,402,CAT/DOG,182.06592695979975,2.1489298476202423,56.340110596782324,30.0,413.533461265877,95.43600672004683,92.96660871131385,1,1,0,0,97.7531094298402,-41.08464019515022,97.7531094298402,-41.08464019515022
2025-11-28T18:06:22.921404,141,491.09616739298224,140.74056434631834,553,111,621,85,PERSON,182.06592695979975,2.1489298476202423,244.71033778118408,30.0,141.35775974327743,197.80377666479166,68.67740282709573,1,1,0,0,88.07140438639443,-39.142846393953086,88.07140438639443,-39.142846393953086
2025-11-28T18:06:23.416503,142,567.2384669571929,106.09622573852734,618,83,320,240,CENTER,181.97901876172423,2.1489298476202423,59.58110975490419,30.0,281.17090942131694,281.17090942131694,55.76888810278546,1,0,1,0,119.1601134301429,-51.33051040067694,119.1601134301429,-51.33051040067694
2025-11-28T18:06:23.911626,143,610.2953867828771,74.83849029541094,639,54,320,240,CENTER,181.97901876172423,2.1489298476202423,58.38357495664238,30.0,333.9906224361985,333.9906224361985,35.471079737393964,1,0,1,0,42.415610494639566,-58.5739383021213,42.415610494639566,-58.5739383021213
2025-11-28T18:06:24.422256,144,595.7181547131509,92.33539611816437,586,104,621,93,PERSON,180.5395505703383,2.1489298476202423,61.28856873874864,30.0,25.290579262403767,312.7704207210209,15.182408068184408,1,1,1,0,-107.25334632800117,101.18240219622753,-107.25334632800117,101.18240219622753
2025-11-28T18:06:25.038313,145,602.4872618852603,95.13415844726575,607,97,320,240,CENTER,180.5395505703383,2.1489298476202423,62.31067474119902,30.0,317.46679381663455,317.46679381663455,4.883254037231141,1,0,1,0,40.96615330520721,-13.65538443506907,40.96615330520721,-13.65538443506907
2025-11-28T18:06:25.566477,146,617.7949047541042,91.4536633789063,628,89,621,85,PERSON,180.5395505703383,2.1489298476202423,62.94946751146807,30.0,7.205720404199712,332.78794963317597,10.49592458789557,1,1,1,0,34.11457380788327,-12.996028117288864,34.11457380788327,-12.996028117288864
2025-11-28T18:06:26.058920,147,630.5179619016417,85.78146535156252,639,82,320,240,CENTER,180.5395505703383,2.1489298476202423,63.049187858367816,30.0,346.7055827249696,346.7055827249696,9.286789031041343,1,0,1,0,20.887722256076305,-13.292186890230376,20.887722256076305,-13.292186890230376
2025-11-28T18:06:26.541591,148,546.8071847606566,120.11258614062501,491,143,320,240,CENTER,180.8273869060231,2.1489298476202423,61.31224837403329,30.0,256.54335123121723,256.54335123121723,60.31811986526412,1,0,1,0,-300.24333196453904,123.74894087727623,-300.24333196453904,123.74894087727623
2025-11-28T18:06:27.021893,149,513.3228739042627,133.84503445625,491,143,320,240,CENTER,181.21666046211337,2.1489298476202423,60.01183779692363,30.0,220.55069776402476,220.55069776402476,24.12724794610569,1,0,0,0,0.0,0.0,0.0,0.0
2025-11-28T18:06:27.501266,150,499.92914956170506,139.3380137825,491,143,320,240,CENTER,181.669713609675,2.1489298476202423,59.10530401827185,30.0,206.17306887964438,206.17306887964438,9.650899178442263,1,0,0,0,0.0,0.0,0.0,0.0
2025-11-28T18:06:28.007738,151,494.571659824682,141.535205513,491,143,320,240,CENTER,182.15451040141298,2.1489298476202423,58.42090312459965,30.0,200.425996735233,200.425996735233,3.8603596713768877,1,0,0,0,0.0,0.0,0.0,0.0
2025-11-28T18:06:28.487760,152,492.42866392987276,142.4140822052,491,143,320,240,CENTER,182.15451040141298,2.1489298476202423,58.337819568388255,30.0,198.12787662642143,198.12787662642143,1.544143868550711,1,0,0,0,0.0,0.0,0.0,0.0
2025-11-28T18:06:28.997552,153,366.7714655719491,196.16563288208,283,232,320,240,CENTER,182.59888464774806,2.1489298476202423,44.257777698336525,5.0,64.1016515573242,64.1016515573242,91.11399623995271,1,0,0,0,-434.22775455311506,185.79937574628482,-434.22775455311506,185.79937574628482
2025-11-28T18:06:29.387428,154,297.90858622877965,226.66625315283198,252,247,320,240,CENTER,183.94665867535642,2.1489298476202423,44.257777698336525,0.0,25.803475878176314,25.803475878176314,50.210153857262895,1,0,0,0,-60.51313526763629,29.280549323049815,-60.51313526763629,29.280549323049815
2025-11-28T18:06:29.883433,155,244.56343449151186,252.0665012611328,209,269,621,86,PERSON,185.09004912058313,2.1489298476202423,241.1050844869242,30.0,411.43963189384186,76.3955225677614,39.38910067989967,1,1,0,0,-110.38783815461942,56.477498590735514,-110.38783815461942,56.477498590735514
2025-11-28T18:06:30.451787,156,201.02537379660475,273.0266005044531,172,287,320,240,CENTER,185.09004912058313,2.1489298476202423,249.39563448747217,24.0,123.47355190938002,123.47355190938002,32.21378924458873,1,0,0,0,-74.64613883893162,36.3143378135343,-74.64613883893162,36.3143378135343
2025-11-28T18:06:30.946779,157,178.2101495186419,289.8106402017812,163,301,320,240,CENTER,185.09004912058313,2.1489298476202423,245.55362395965778,30.0,150.28460192859808,150.28460192859808,18.882542759740744,1,0,0,0,-15.870942841250361,24.688133308611672,-15.870942841250361,24.688133308611672
2025-11-28T18:06:31.443029,158,152.88405980745677,306.7242560807125,136,318,320,240,CENTER,185.09004912058313,2.1489298476202423,243.14464436386413,30.0,179.94405746220738,179.94405746220738,20.303050916429427,1,0,0,0,-54.43767626740682,34.27557394614504,-54.43767626740682,34.27557394614504
2025-11-28T18:06:31.937679,159,127.15362392298272,323.689702432285,110,335,320,240,CENTER,185.09004912058313,2.1489298476202423,241.45051365533146,30.0,210.22295559534592,210.22295559534592,20.546767258169467,1,0,0,0,-52.55412136633511,34.362310124142184,-52.55412136633511,34.362310124142184
2025-11-28T18:06:32.447211,160,100.66144956919308,340.675880972914,83,352,320,240,CENTER,185.09004912058313,2.1489298476202423,240.25493878662994,30.0,241.34007689308459,241.34007689308459,20.98004939519356,1,0,0,0,-54.56830711156063,34.357822996167805,-54.56830711156063,34.357822996167805
2025-11-28T18:06:33.093037,161,181.26457982767724,302.47035238916555,235,277,320,240,CENTER,185.04064777256409,2.1489298476202423,240.71807226214224,15.0,152.15144343060786,152.15144343060786,59.46624447469626,1,0,0,0,298.10012072991566,-147.08887536015575,298.10012072991566,-147.08887536015575
2025-11-28T18:06:33.747548,162,237.5058319310709,276.9881409556662,275,260,320,240,CENTER,185.0313091651482,2.1489298476202423,240.81852435805985,12.0,90.40691531481954,90.40691531481954,41.16320653582136,1,0,0,0,61.87062468354267,-26.295015490505634,61.87062468354267,-26.295015490505634
2025-11-28T18:06:34.412028,163,271.4023327724284,261.99525638226646,294,252,320,240,CENTER,185.0515886135215,2.1489298476202423,240.5969506906283,5.0,53.343458486335706,53.343458486335706,24.709506556693967,1,0,0,0,29.03325178653075,-12.224527068012948,29.03325178653075,-12.224527068012948
2025-11-28T18:06:34.907474,164,334.16093310897134,233.79810255290658,376,215,320,240,CENTER,185.062599185467,2.1489298476202423,240.5969506906283,0.0,15.45948118343641,15.45948118343641,45.86803001984676,1,0,0,0,123.32998819171942,-55.64889711089779,123.32998819171942,-55.64889711089779
2025-11-28T18:06:35.402692,165,388.06437324358853,209.31924102116264,424,193,320,240,CENTER,185.0567540041031,2.1489298476202423,60.67925564905627,6.0,74.65968039417287,74.65968039417287,39.467542333959855,1,0,0,0,97.07782366090802,-44.49400251124951,97.07782366090802,-44.49400251124951
2025-11-28T18:06:35.911442,166,419.8257492974354,192.32769640846504,441,181,320,240,CENTER,185.0567540041031,2.1489298476202423,59.41619616920843,19.0,110.62472035000991,110.62472035000991,24.013862636764834,1,0,0,0,34.15579909043268,-24.109975828540716,34.15579909043268,-24.109975828540716
2025-11-28T18:06:36.393030,167,446.9302997189742,180.13107856338604,465,172,320,240,CENTER,185.0567540041031,2.1489298476202423,59.691508419852624,30.0,140.3409731359024,140.3409731359024,19.814855711058307,1,0,0,0,47.2667757282301,-17.725040898086288,47.2667757282301,-17.725040898086288
2025-11-28T18:06:36.948446,168,464.37211988758963,172.25243142535442,476,167,320,240,CENTER,185.0567540041031,2.1489298476202423,59.80461907244799,30.0,159.47740294039423,159.47740294039423,12.75913914755377,1,0,0,0,22.81739543279633,-10.371543378543787,22.81739543279633,-10.371543378543787
2025-11-28T18:06:37.517372,169,474.94884795503583,168.50097257014176,482,166,320,240,CENTER,185.0567540041031,2.1489298476202423,60.172929797921086,30.0,170.64951334829067,170.64951334829067,7.481551240070727,1,0,0,0,10.827708043090844,-1.8046180071818074,10.827708043090844,-1.8046180071818074
2025-11-28T18:06:38.026928,170,494.1795391820143,160.4003890280567,507,155,320,240,CENTER,185.0567540041031,2.1489298476202423,60.38296461019675,30.0,191.50616161508634,191.50616161508634,13.911449142338176,1,0,0,0,43.870682701351214,-19.303100388594533,43.870682701351214,-19.303100388594533
2025-11-28T18:06:38.526260,171,516.2718156728057,151.1601556112227,531,145,320,240,CENTER,185.0567540041031,2.1489298476202423,60.58998907315967,30.0,215.44174056696158,215.44174056696158,15.96455231850522,1,0,0,0,47.16127823212371,-19.650532596718215,47.16127823212371,-19.650532596718215
2025-11-28T18:06:39.017833,172,420.10872626912226,198.46406224448907,356,230,320,240,CENTER,184.92795880022226,2.1489298476202423,62.53807519364668,9.0,108.38353749742498,108.38353749742498,71.44539281135422,1,0,0,0,-351.1682993050821,170.56745966246845,-351.1682993050821,170.56745966246845
2025-11-28T18:06:39.502115,173,381.64349050764895,217.38562489779565,356,230,320,240,CENTER,184.67181323217898,2.1489298476202423,65.18224719145633,5.0,65.66071796157735,65.66071796157735,28.578157124541722,1,0,0,0,0.0,0.0,0.0,0.0
2025-11-28T18:06:39.887500,174,318.25739620305956,247.75424995911825,276,268,320,240,CENTER,184.29007546090526,2.1489298476202423,65.18224719145633,0.0,7.9476449607161435,7.9476449607161435,46.856994446722844,1,0,0,0,-166.3931765493473,79.03675886093995,-166.3931765493473,79.03675886093995
2025-11-28T18:06:40.383017,175,273.70295848122385,265.9016999836473,244,278,320,240,CENTER,184.17570512814265,2.1489298476202423,236.59869071975038,5.0,53.050109476175045,53.050109476175045,32.07233396282515,1,0,0,0,-82.60853894521229,25.815168420378843,-82.60853894521229,25.815168420378843
2025-11-28T18:06:40.982082,176,242.68118339248952,278.5606799934589,222,287,621,87,PERSON,184.17570512814265,2.1489298476202423,238.9690479521811,30.0,424.05261597927154,86.40095742029588,22.336818678732854,1,1,0,0,-44.44135094457756,18.180552659145366,-44.44135094457756,18.180552659145366
2025-11-28T18:06:41.493088,177,218.8724733569958,286.6242719973836,203,292,320,240,CENTER,184.17570512814265,2.1489298476202423,241.0724988991271,19.0,111.3579785386639,111.3579785386639,16.758098401270242,1,0,0,0,-31.66202917736579,8.33211294141205,-31.66202917736579,8.33211294141205
2025-11-28T18:06:42.002032,178,195.54898934279834,295.2497087989534,180,301,320,240,CENTER,184.17570512814265,2.1489298476202423,241.88558895917967,28.0,136.16381448816742,136.16381448816742,16.578206129714097,1,0,0,0,-45.188836221898384,17.682588086829803,-45.188836221898384,17.682588086829803
2025-11-28T18:06:42.481726,179,200.6195957371193,292.69988351958136,204,291,320,240,CENTER,183.98268224951858,2.1489298476202423,242.19849622741373,26.0,130.49505218569118,130.49505218569118,3.7837464186499403,1,0,0,0,46.97346781260879,-19.57227825525366,46.97346781260879,-19.57227825525366
2025-11-28T18:06:42.963129,180,213.4478382948477,286.2799534078325,222,282,320,240,CENTER,183.78899354810065,2.1489298476202423,242.73373252279453,21.0,116.16883080875037,116.16883080875037,9.563339950262696,1,0,0,0,37.60008406763859,-18.800042033819295,37.60008406763859,-18.800042033819295
2025-11-28T18:06:43.471499,181,215.57913531793906,283.711981363133,217,282,320,240,CENTER,183.78899354810065,2.1489298476202423,243.4961637561557,20.0,113.20094653155586,113.20094653155586,2.2248003578844826,1,0,0,0,-10.365145978817491,0.0,-10.365145978817491,0.0
2025-11-28T18:06:43.967996,182,248.83165412717563,270.0847925452532,271,261,320,240,CENTER,183.81913358580655,2.1489298476202423,243.26576573457504,7.0,77.26595755418346,77.26595755418346,23.957650434202804,1,0,0,0,106.38731163178706,-41.37284341236163,106.38731163178706,-41.37284341236163
2025-11-28T18:06:44.358168,183,287.9326616508703,253.83391701810126,314,243,320,240,CENTER,183.843403246329,2.1489298476202423,243.26576573457504,0.0,34.92408121713838,34.92408121713838,28.229061028718498,1,0,0,0,86.62304593317798,-36.26080992551636,86.62304593317798,-36.26080992551636
2025-11-28T18:06:44.839688,184,311.9730646603481,243.7335668072405,328,237,320,240,CENTER,183.85051356970072,2.1489298476202423,243.26576573457504,0.0,8.852751665503824,8.852751665503824,17.384003518434824,1,0,0,0,35.98367995254489,-15.421577122519238,35.98367995254489,-15.421577122519238
2025-11-28T18:06:45.448582,185,351.5892258641392,228.29342672289619,378,218,320,240,CENTER,183.96186228256755,2.1489298476202423,243.26576573457504,0.0,33.688618977153155,33.688618977153155,28.345786709052298,1,0,0,0,103.62175513735434,-39.37626695219465,103.62175513735434,-39.37626695219465
2025-11-28T18:06:46.143272,186,379.43569034565564,216.71737068915849,398,209,320,240,CENTER,183.97580792207967,2.1489298476202423,64.63251820531738,5.0,63.833236753988274,63.833236753988274,20.104512013383104,1,0,0,0,32.82302986100134,-14.770363437450602,32.82302986100134,-14.770363437450602
2025-11-28T18:06:46.806293,187,407.37427613826225,206.68694827566338,426,200,320,240,CENTER,183.97580792207967,2.1489298476202423,65.1539231143208,13.0,93.509483721565,93.509483721565,19.789716183288345,1,0,0,0,40.354541137468054,-12.971102508471875,40.354541137468054,-12.971102508471875
2025-11-28T18:06:47.297745,188,428.1497104553049,199.67477931026536,442,195,320,240,CENTER,183.97580792207967,2.1489298476202423,65.57547701784713,21.0,115.42306223299609,115.42306223299609,14.617936997797452,1,0,0,0,24.134270957180455,-7.541959674118892,24.134270957180455,-7.541959674118892
2025-11-28T18:06:47.777780,189,448.459884182122,192.06991172410613,462,187,320,240,CENTER,183.97580792207967,2.1489298476202423,65.56297933654386,28.0,137.1103030636982,137.1103030636982,14.458172126924598,1,0,0,0,40.699783707099236,-16.279913482839696,40.699783707099236,-16.279913482839696
2025-11-28T18:06:48.287749,190,457.7839536728488,188.42796468964247,464,186,320,240,CENTER,183.97580792207967,2.1489298476202423,65.5034991293958,30.0,147.1193145571801,147.1193145571801,6.673398270404726,1,0,0,0,4.166314697859778,-2.083157348929889,4.166314697859778,-2.083157348929889
2025-11-28T18:06:48.931773,191,472.31358146913954,182.771185875857,482,179,320,240,CENTER,183.97580792207967,2.1489298476202423,65.43147576234489,30.0,162.7100619691724,162.7100619691724,10.394640295135769,1,0,0,0,35.29433280257606,-13.725573867668468,35.29433280257606,-13.725573867668468
2025-11-28T18:06:49.443606,192,470.9254325876558,181.70847435034278,470,181,320,240,CENTER,183.97580792207967,2.1489298476202423,64.90626902774935,30.0,161.79118691800144,161.79118691800144,1.1654876144296527,1,0,0,1,-18.589912135716318,3.0983186892860535,-18.589912135716318,3.0983186892860535
2025-11-28T18:06:49.937454,193,477.57017303506234,178.28338974013712,482,176,320,240,CENTER,183.97580792207967,2.1489298476202423,64.63505669699575,30.0,169.2255873450209,169.2255873450209,4.983696985637499,1,0,0,0,23.44590290089877,-9.76912620870782,23.44590290089877,-9.76912620870782
2025-11-28T18:06:50.447897,194,418.42806921402496,199.71335589605485,379,214,320,240,CENTER,184.0787990109625,2.1489298476202423,63.66189791060535,8.0,106.3536482794964,106.3536482794964,41.93662887856788,1,0,0,0,-208.5622355637862,76.94529079052307,-208.5622355637862,76.94529079052307
2025-11-28T18:06:50.958304,195,367.17122768561,217.28534235842196,333,229,621,95,PERSON,184.31235029279281,2.1489298476202423,239.96459733739317,30.0,281.749446512938,52.355328221125305,36.12348273908791,1,1,0,0,-90.2085206657939,29.415821956237142,-90.2085206657939,29.415821956237142
2025-11-28T18:06:51.453174,196,323.268491074244,234.51413694336878,294,246,621,86,PERSON,184.31235029279281,2.1489298476202423,239.1767566282398,30.0,332.71684700243424,6.385744073992009,31.4415269972498,1,1,0,0,-76.17945391124545,33.20642862797878,-76.17945391124545,33.20642862797878
2025-11-28T18:06:51.963181,197,281.7073964296976,248.6056547773475,254,258,320,240,CENTER,184.31235029279281,2.1489298476202423,253.02176649146494,5.0,39.247685057073355,39.247685057073355,29.256683665015654,1,0,0,0,-81.08523385227473,24.325570155682417,-81.08523385227473,24.325570155682417
2025-11-28T18:06:52.460891,198,257.88295857187904,256.04226191093903,242,261,320,240,CENTER,184.31235029279281,2.1489298476202423,251.20692872568867,5.0,64.15513232004172,64.15513232004172,16.638736128557117,1,0,0,0,-23.574155927186204,5.893538981796551,-23.574155927186204,5.893538981796551
2025-11-28T18:06:52.957718,199,231.55318342875162,264.4169047643756,214,270,320,240,CENTER,184.31235029279281,2.1489298476202423,250.25478381663478,12.0,91.75524290121325,91.75524290121325,18.419696004371314,1,0,0,0,-56.19545059999292,18.06282340714058,-56.19545059999292,18.06282340714058
2025-11-28T18:06:53.447839,200,277.42127337150066,247.36676190575025,308,236,320,240,CENTER,183.96526906831187,2.1489298476202423,256.21887047381773,5.0,43.21130803713875,43.21130803713875,32.62302558688433,1,0,0,0,189.78869897616573,-68.64697622542165,189.78869897616573,-68.64697622542165
2025-11-28T18:06:53.853077,201,305.36850934860024,239.9467047623001,324,235,320,240,CENTER,183.6115410245871,2.1489298476202423,256.21887047381773,0.0,14.63158771508957,14.63158771508957,19.276989700120687,1,0,0,0,32.51055072671588,-2.0319094204197423,32.51055072671588,-2.0319094204197423
2025-11-28T18:06:54.231676,202,325.54740373944014,233.37868190492006,339,229,320,240,CENTER,183.06134465075598,2.1489298476202423,256.21887047381773,0.0,8.638028800865829,8.638028800865829,14.147268336117168,1,0,0,0,37.11066268787718,-14.84426507515087,37.11066268787718,-14.84426507515087
2025-11-28T18:06:54.618368,203,342.018961495776,230.15147276196802,353,228,320,240,CENTER,183.03575708354964,2.1489298476202423,256.21887047381773,0.0,24.121114280039475,24.121114280039475,11.189818661477053,1,0,0,0,37.02561515723207,-2.6446867969451477,37.02561515723207,-2.6446867969451477
2025-11-28T18:06:55.127959,204,354.00758459831036,227.66058910478722,362,226,320,240,CENTER,182.9663161682853,2.1489298476202423,67.09073979808909,5.0,36.177021318125846,36.177021318125846,8.163103584305652,1,0,0,0,23.305788981394876,-5.17906421808775,23.305788981394876,-5.17906421808775
2025-11-28T18:06:55.607922,205,360.60303383932415,226.6642356419149,365,226,320,240,CENTER,182.9663161682853,2.1489298476202423,68.85130257923677,5.0,42.73697424914023,42.73697424914023,4.446855114136121,1,0,0,0,5.864005204614808,0.0,5.864005204614808,0.0
2025-11-28T18:06:56.104185,206,363.2412135357297,226.26569425676595,365,226,320,240,CENTER,182.9663161682853,2.1489298476202423,69.41275696361322,5.0,45.36996475964252,45.36996475964252,1.7787420456544252,1,0,0,0,0.0,0.0,0.0,0.0
2025-11-28T18:06:56.616774,207,361.8964854142919,226.1062777027064,361,226,320,240,CENTER,182.9663161682853,2.1489298476202423,68.6871183865662,5.0,44.140129240230884,44.140129240230884,0.9027630077327168,1,0,0,1,-8.037786741008569,0.0,-8.037786741008569,0.0
2025-11-28T18:06:57.276462,208,357.15859416571675,227.24251108108254,354,228,320,240,CENTER,182.9663161682853,2.1489298476202423,68.08503616149494,5.0,39.28758892944107,39.28758892944107,3.2481543322297095,1,0,0,0,-13.705980001307104,3.915994286087744,-13.705980001307104,3.915994286087744
2025-11-28T18:06:57.993550,209,349.8634376662867,229.49700443243302,345,231,320,240,CENTER,183.09059554027024,2.1489298476202423,68.08503616149494,0.0,31.65656053870229,31.65656053870229,5.090385212337296,1,0,0,0,-13.60153062879009,4.53384354293003,-13.60153062879009,4.53384354293003
2025-11-28T18:06:58.624788,210,339.74537506651467,232.1988017729732,333,234,320,240,CENTER,183.36175246313803,2.1489298476202423,68.08503616149494,0.0,21.23060362530244,21.23060362530244,6.981718974651029,1,0,0,0,-16.755367001430134,4.1888417503575335,-16.755367001430134,4.1888417503575335
2025-11-28T18:06:59.133600,211,326.0981500266058,235.0795207091893,317,237,320,240,CENTER,183.82612738258328,2.1489298476202423,68.08503616149494,0.0,7.835722697893896,7.835722697893896,9.298632943237426,1,0,0,0,-25.299401678436936,4.743637814706926,-25.299401678436936,4.743637814706926
2025-11-28T18:06:59.521825,212,313.43926001064233,238.03180828367573,305,240,320,240,CENTER,184.17340109625445,2.1489298476202423,68.08503616149494,0.0,6.849604940444695,6.849604940444695,8.66573067660392,1,0,0,0,-23.715670064717674,5.9289175161794185,-23.715670064717674,5.9289175161794185
2025-11-28T18:06:59.898142,213,302.97570400425695,240.41272331347028,296,242,320,240,CENTER,184.5179789556478,2.1489298476202423,68.08503616149494,0.0,17.02929812658627,17.02929812658627,7.15401241504425,1,0,0,0,-23.03273198093619,5.118384884652487,-23.03273198093619,5.118384884652487
2025-11-28T18:07:00.306181,214,295.1902816017028,241.9650893253881,290,243,320,240,CENTER,184.946410152109,2.1489298476202423,68.08503616149494,0.0,24.88742057866908,24.88742057866908,5.292453420616959,1,0,0,0,-16.0295343975602,2.6715890662600335,-16.0295343975602,2.6715890662600335
2025-11-28T18:07:00.707947,215,290.2761126406811,243.78603573015525,287,245,320,240,CENTER,184.71095504594743,2.1489298476202423,68.08503616149494,0.0,29.964037550028028,29.964037550028028,3.4937978308554474,1,0,0,0,-7.334284976530474,4.889523317686982,-7.334284976530474,4.889523317686982
2025-11-28T18:07:01.128360,216,287.7104450562724,244.5144142920621,286,245,320,240,CENTER,184.71095504594743,2.1489298476202423,68.08503616149494,0.0,32.60360861721256,32.60360861721256,1.7780370553732316,1,0,0,0,-2.4894242748163187,0.0,-2.4894242748163187,0.0
2025-11-28T18:07:01.557869,217,286.084178022509,244.80576571682485,285,245,320,240,CENTER,184.71095504594743,2.1489298476202423,68.08503616149494,0.0,34.25461085071427,34.25461085071427,1.101439485969177,1,0,0,0,-2.381130370212254,0.0,-2.381130370212254,0.0
2025-11-28T18:07:01.968331,218,286.0336712090036,244.92230628672996,286,245,320,240,CENTER,184.71095504594743,2.1489298476202423,68.08503616149494,0.0,34.321139123264125,34.321139123264125,0.0846762268730237,1,0,0,0,2.323611141888448,0.0,2.323611141888448,0.0
2025-11-28T18:07:02.374814,219,286.01346848360146,244.968922514692,286,245,320,240,CENTER,184.71095504594743,2.1489298476202423,68.08503616149494,0.0,34.347845863636984,34.347845863636984,0.03387049074920357,1,0,0,0,0.0,0.0,0.0,0.0
2025-11-28T18:07:02.778788,220,286.6053873934406,244.3875690058768,287,244,320,240,CENTER,184.71095504594743,2.1489298476202423,68.08503616149494,0.0,33.681610901551416,33.681610901551416,0.5531083470459819,1,0,0,0,2.453588478680657,-2.453588478680657,2.453588478680657,-2.453588478680657
2025-11-28T18:07:03.227919,221,288.0421549573763,244.15502760235074,289,244,320,240,CENTER,184.71095504594743,2.1489298476202423,68.08503616149494,0.0,32.22682289870731,32.22682289870731,0.9703095810974195,1,0,0,0,4.976580089071242,0.0,4.976580089071242,0.0
2025-11-28T18:07:03.738096,222,288.6168619829505,244.06201104094032,289,244,320,240,CENTER,184.71095504594743,2.1489298476202423,68.08503616149494,0.0,31.64492511436703,31.64492511436703,0.38812383243896026,1,0,0,0,0.0,0.0,0.0,0.0
2025-11-28T18:07:04.233194,223,289.4467447931802,243.4248044163761,290,243,320,240,CENTER,184.71095504594743,2.1489298476202423,68.08503616149494,0.0,30.744604226164487,30.744604226164487,0.6975314444853918,1,0,0,0,1.9615509627224765,-1.9615509627224765,1.9615509627224765,-1.9615509627224765
2025-11-28T18:07:04.713064,224,290.9786979172721,243.76992176655045,292,244,320,240,CENTER,184.71095504594743,2.1489298476202423,68.08503616149494,0.0,29.265137701758018,29.265137701758018,1.046897290898987,1,0,0,0,4.010972475572758,2.005486237786379,4.010972475572758,2.005486237786379
